file,error
will_flits_microshot_package/will_microshot_outputs/npz/clustered_n03_r02.npz,IndexError('boolean index did not match indexed array along axis 0; size of axis is 545 but size of corresponding boolean axis is 539')
will_flits_microshot_package/will_microshot_outputs/npz/clustered_n03_r04.npz,IndexError('boolean index did not match indexed array along axis 0; size of axis is 689 but size of corresponding boolean axis is 676')
will_flits_microshot_package/will_microshot_outputs/npz/clustered_n03_r05.npz,IndexError('boolean index did not match indexed array along axis 0; size of axis is 613 but size of corresponding boolean axis is 550')
will_flits_microshot_package/will_microshot_outputs/npz/clustered_n06_r02.npz,IndexError('boolean index did not match indexed array along axis 0; size of axis is 689 but size of corresponding boolean axis is 654')
will_flits_microshot_package/will_microshot_outputs/npz/clustered_n06_r03.npz,IndexError('boolean index did not match indexed array along axis 0; size of axis is 613 but size of corresponding boolean axis is 550')
will_flits_microshot_package/will_microshot_outputs/npz/clustered_n12_r00.npz,IndexError('boolean index did not match indexed array along axis 0; size of axis is 775 but size of corresponding boolean axis is 734')
will_flits_microshot_package/will_microshot_outputs/npz/clustered_n24_r03.npz,IndexError('boolean index did not match indexed array along axis 0; size of axis is 775 but size of corresponding boolean axis is 707')
will_flits_microshot_package/will_microshot_outputs/npz/dense_n06_r03.npz,IndexError('boolean index did not match indexed array along axis 0; size of axis is 775 but size of corresponding boolean axis is 703')
will_flits_microshot_package/will_microshot_outputs/npz/dense_n12_r02.npz,IndexError('boolean index did not match indexed array along axis 0; size of axis is 689 but size of corresponding boolean axis is 676')
will_flits_microshot_package/will_microshot_outputs/npz/moderate_n03_r00.npz,IndexError('boolean index did not match indexed array along axis 0; size of axis is 775 but size of corresponding boolean axis is 699')
will_flits_microshot_package/will_microshot_outputs/npz/moderate_n03_r04.npz,IndexError('boolean index did not match indexed array along axis 0; size of axis is 689 but size of corresponding boolean axis is 617')
will_flits_microshot_package/will_microshot_outputs/npz/moderate_n06_r00.npz,IndexError('boolean index did not match indexed array along axis 0; size of axis is 775 but size of corresponding boolean axis is 728')
will_flits_microshot_package/will_microshot_outputs/npz/moderate_n06_r02.npz,IndexError('boolean index did not match indexed array along axis 0; size of axis is 775 but size of corresponding boolean axis is 697')
will_flits_microshot_package/will_microshot_outputs/npz/moderate_n06_r04.npz,IndexError('boolean index did not match indexed array along axis 0; size of axis is 871 but size of corresponding boolean axis is 798')
will_flits_microshot_package/will_microshot_outputs/npz/moderate_n12_r00.npz,IndexError('boolean index did not match indexed array along axis 0; size of axis is 775 but size of corresponding boolean axis is 700')
will_flits_microshot_package/will_microshot_outputs/npz/moderate_n24_r00.npz,IndexError('boolean index did not match indexed array along axis 0; size of axis is 979 but size of corresponding boolean axis is 888')
will_flits_microshot_package/will_microshot_outputs/npz/quasiperiodic_n36_r00.npz,IndexError('boolean index did not match indexed array along axis 0; size of axis is 979 but size of corresponding boolean axis is 946')
will_flits_microshot_package/will_microshot_outputs/npz/quasiperiodic_n36_r02.npz,IndexError('boolean index did not match indexed array along axis 0; size of axis is 979 but size of corresponding boolean axis is 936')
will_flits_microshot_package/will_microshot_outputs/npz/quasiperiodic_n36_r03.npz,IndexError('boolean index did not match indexed array along axis 0; size of axis is 979 but size of corresponding boolean axis is 942')
will_flits_microshot_package/will_microshot_outputs/npz/sparse_n03_r03.npz,IndexError('boolean index did not match indexed array along axis 0; size of axis is 871 but size of corresponding boolean axis is 799')
will_flits_microshot_package/will_microshot_outputs/npz/sparse_n06_r01.npz,IndexError('boolean index did not match indexed array along axis 0; size of axis is 871 but size of corresponding boolean axis is 818')
will_flits_microshot_package/will_microshot_outputs/npz/sparse_n12_r01.npz,IndexError('boolean index did not match indexed array along axis 0; size of axis is 979 but size of corresponding boolean axis is 937')
will_flits_microshot_package/will_microshot_outputs/npz/sparse_n24_r03.npz,IndexError('boolean index did not match indexed array along axis 0; size of axis is 979 but size of corresponding boolean axis is 933')
will_flits_microshot_package/will_microshot_outputs/npz/sparse_n36_r00.npz,IndexError('boolean index did not match indexed array along axis 0; size of axis is 979 but size of corresponding boolean axis is 931')
will_flits_microshot_package/will_microshot_outputs/npz/sparse_n36_r03.npz,IndexError('boolean index did not match indexed array along axis 0; size of axis is 979 but size of corresponding boolean axis is 934')
will_flits_microshot_package/will_microshot_outputs/npz/sparse_n36_r05.npz,IndexError('boolean index did not match indexed array along axis 0; size of axis is 979 but size of corresponding boolean axis is 932')
